[
  {
    "model": "quiz.Question",
    "pk": "1",
    "fields": {
      "question": "What is the Highest mountain in the world?",
      "language": "NEP",
      "level": "1"
    }
  },
  {
    "model": "quiz.Choice",
    "pk": "1",
    "fields": {
      "question":"1",
      "choice": "Mount Everest"
    }
  },
  {
    "model": "quiz.Choice",
    "pk": "2",
    "fields": {
      "question":"1",
      "choice": "Annapurna"
    }
  },
  {
    "model": "quiz.Choice",
    "pk": "3",
    "fields": {
      "question":"1",
      "choice": "Mardi"
    }
  },
  {
    "model": "quiz.Choice",
    "pk": "4",
    "fields": {
      "question":"1",
      "choice": "Yubraj"
    }
  },
  {
    "model": "quiz.Answer",
    "pk": "1",
    "fields": {
      "question":"1",
      "answer": "1"
    }
  },
  {
    "model": "quiz.Question",
    "pk": "2",
    "fields": {
      "question": "Mero naam k ho?",
      "language": "NEP",
      "level": "2"
    }
  },
  {
    "model": "quiz.Choice",
    "pk": "5",
    "fields": {
      "question":"2",
      "choice": "Aakash Khadka"
    }
  },
  {
    "model": "quiz.Choice",
    "pk": "6",
    "fields": {
      "question":"2",
      "choice": "Prabhav Noob"
    }
  },
  {
    "model": "quiz.Choice",
    "pk": "7",
    "fields": {
      "question":"2",
      "choice": "Yubraj Upadhaya"
    }
  },
  {
    "model": "quiz.Choice",
    "pk": "8",
    "fields": {
      "question":"2",
      "choice": "Puskal Daju"
    }
  },
  {
    "model": "quiz.Answer",
    "pk": "2",
    "fields": {
      "question":"2",
      "answer": "7"
    }
  },
  {
    "model": "quiz.Question",
    "pk": "3",
    "fields": {
      "question": "This is my question?",
      "language": "NEP",
      "level": "3"
    }
  },
  {
    "model": "quiz.Choice",
    "pk": "9",
    "fields": {
      "question":"3",
      "choice": "Mount Everest"
    }
  },
  {
    "model": "quiz.Choice",
    "pk": "10",
    "fields": {
      "question":"3",
      "choice": "Annapurna"
    }
  },
  {
    "model": "quiz.Choice",
    "pk": "11",
    "fields": {
      "question":"3",
      "choice": "Mardi"
    }
  },
  {
    "model": "quiz.Choice",
    "pk": "12",
    "fields": {
      "question":"3",
      "choice": "Yubraj"
    }
  },
  {
    "model": "quiz.Answer",
    "pk": "3",
    "fields": {
      "question":"3",
      "answer": "10"
    }
  },
  {
    "model": "quiz.Question",
    "pk": "4",
    "fields": {
      "question": "What is the Highest mountain in the world?",
      "language": "NEP",
      "level": "4"
    }
  },
  {
    "model": "quiz.Choice",
    "pk": "13",
    "fields": {
      "question":"4",
      "choice": "Mount Everest"
    }
  },
  {
    "model": "quiz.Choice",
    "pk": "14",
    "fields": {
      "question":"4",
      "choice": "Annapurna"
    }
  },
  {
    "model": "quiz.Choice",
    "pk": "15",
    "fields": {
      "question":"4",
      "choice": "Mardi"
    }
  },
  {
    "model": "quiz.Choice",
    "pk": "16",
    "fields": {
      "question":"4",
      "choice": "Yubraj"
    }
  },
  {
    "model": "quiz.Answer",
    "pk": "4",
    "fields": {
      "question":"4",
      "answer": "13"
    }
  },
  {
    "model": "quiz.Question",
    "pk": "5",
    "fields": {
      "question": "What is the Highest mountain in the world?",
      "language": "NEP",
      "level": "5"
    }
  },
  {
    "model": "quiz.Choice",
    "pk": "17",
    "fields": {
      "question":"5",
      "choice": "Mount Everest"
    }
  },
  {
    "model": "quiz.Choice",
    "pk": "18",
    "fields": {
      "question":"5",
      "choice": "Annapurna"
    }
  },
  {
    "model": "quiz.Choice",
    "pk": "19",
    "fields": {
      "question":"5",
      "choice": "Mardi"
    }
  },
  {
    "model": "quiz.Choice",
    "pk": "20",
    "fields": {
      "question":"5",
      "choice": "Yubraj"
    }
  },
  {
    "model": "quiz.Answer",
    "pk": "5",
    "fields": {
      "question":"5",
      "answer": "20"
    }
  },
  {
    "model": "quiz.Question",
    "pk": "6",
    "fields": {
      "question": "What is the Highest mountain in the world?",
      "language": "NEP",
      "level": "6"
    }
  },
  {
    "model": "quiz.Choice",
    "pk": "21",
    "fields": {
      "question":"6",
      "choice": "Mount Everest"
    }
  },
  {
    "model": "quiz.Choice",
    "pk": "22",
    "fields": {
      "question":"6",
      "choice": "Annapurna"
    }
  },
  {
    "model": "quiz.Choice",
    "pk": "23",
    "fields": {
      "question":"6",
      "choice": "Mardi"
    }
  },
  {
    "model": "quiz.Choice",
    "pk": "24",
    "fields": {
      "question":"6",
      "choice": "Yubraj"
    }
  },
  {
    "model": "quiz.Answer",
    "pk": "6",
    "fields": {
      "question":"6",
      "answer": "24"
    }
  },
  {
    "model": "quiz.Question",
    "pk": "7",
    "fields": {
      "question": "What is the Highest mountain in the world?",
      "language": "NEP",
      "level": "7"
    }
  },
  {
    "model": "quiz.Choice",
    "pk": "25",
    "fields": {
      "question":"7",
      "choice": "Mount Everest"
    }
  },
  {
    "model": "quiz.Choice",
    "pk": "26",
    "fields": {
      "question":"7",
      "choice": "Annapurna"
    }
  },
  {
    "model": "quiz.Choice",
    "pk": "27",
    "fields": {
      "question":"7",
      "choice": "Mardi"
    }
  },
  {
    "model": "quiz.Choice",
    "pk": "28",
    "fields": {
      "question":"7",
      "choice": "Yubraj"
    }
  },
  {
    "model": "quiz.Answer",
    "pk": "7",
    "fields": {
      "question":"7",
      "answer": "25"
    }
  },
  {
    "model": "quiz.Question",
    "pk": "8",
    "fields": {
      "question": "What is the Highest mountain in the world?",
      "language": "NEP",
      "level": "8"
    }
  },
  {
    "model": "quiz.Choice",
    "pk": "29",
    "fields": {
      "question":"8",
      "choice": "Mount Everest"
    }
  },
  {
    "model": "quiz.Choice",
    "pk": "30",
    "fields": {
      "question":"8",
      "choice": "Annapurna"
    }
  },
  {
    "model": "quiz.Choice",
    "pk": "31",
    "fields": {
      "question":"8",
      "choice": "Mardi"
    }
  },
  {
    "model": "quiz.Choice",
    "pk": "32",
    "fields": {
      "question":"8",
      "choice": "Yubraj"
    }
  },
  {
    "model": "quiz.Answer",
    "pk": "8",
    "fields": {
      "question":"8",
      "answer": "30"
    }
  },
  {
    "model": "quiz.Question",
    "pk": "9",
    "fields": {
      "question": "What is the Highest mountain in the world?",
      "language": "NEP",
      "level": "9"
    }
  },
  {
    "model": "quiz.Choice",
    "pk": "33",
    "fields": {
      "question":"9",
      "choice": "Mount Everest"
    }
  },
  {
    "model": "quiz.Choice",
    "pk": "34",
    "fields": {
      "question":"9",
      "choice": "Annapurna"
    }
  },
  {
    "model": "quiz.Choice",
    "pk": "35",
    "fields": {
      "question":"9",
      "choice": "Mardi"
    }
  },
  {
    "model": "quiz.Choice",
    "pk": "36",
    "fields": {
      "question":"9",
      "choice": "Yubraj"
    }
  },
  {
    "model": "quiz.Answer",
    "pk": "9",
    "fields": {
      "question":"9",
      "answer": "36"
    }
  },
  {
    "model": "quiz.Question",
    "pk": "10",
    "fields": {
      "question": "What is the Highest mountain in the world?",
      "language": "NEP",
      "level": "10"
    }
  },
  {
    "model": "quiz.Choice",
    "pk": "37",
    "fields": {
      "question":"10",
      "choice": "Mount Everest"
    }
  },
  {
    "model": "quiz.Choice",
    "pk": "38",
    "fields": {
      "question":"10",
      "choice": "Annapurna"
    }
  },
  {
    "model": "quiz.Choice",
    "pk": "39",
    "fields": {
      "question":"10",
      "choice": "Mardi"
    }
  },
  {
    "model": "quiz.Choice",
    "pk": "40",
    "fields": {
      "question":"10",
      "choice": "Yubraj"
    }
  },
  {
    "model": "quiz.Answer",
    "pk": "10",
    "fields": {
      "question":"10",
      "answer": "37"
    }
  },
  {
    "model": "quiz.Question",
    "pk": "11",
    "fields": {
      "question": "What is the Highest mountain in the world?",
      "language": "NEP",
      "level": "11"
    }
  },
  {
    "model": "quiz.Choice",
    "pk": "41",
    "fields": {
      "question":"11",
      "choice": "Mount Everest"
    }
  },
  {
    "model": "quiz.Choice",
    "pk": "42",
    "fields": {
      "question":"11",
      "choice": "Annapurna"
    }
  },
  {
    "model": "quiz.Choice",
    "pk": "43",
    "fields": {
      "question":"11",
      "choice": "Mardi"
    }
  },
  {
    "model": "quiz.Choice",
    "pk": "44",
    "fields": {
      "question":"11",
      "choice": "Yubraj"
    }
  },
  {
    "model": "quiz.Answer",
    "pk": "11",
    "fields": {
      "question":"11",
      "answer": "42"
    }
  },
  {
    "model": "quiz.Question",
    "pk": "12",
    "fields": {
      "question": "What is the Highest mountain in the world?",
      "language": "NEP",
      "level": "12"
    }
  },
  {
    "model": "quiz.Choice",
    "pk": "45",
    "fields": {
      "question":"12",
      "choice": "Mount Everest"
    }
  },
  {
    "model": "quiz.Choice",
    "pk": "46",
    "fields": {
      "question":"12",
      "choice": "Annapurna"
    }
  },
  {
    "model": "quiz.Choice",
    "pk": "47",
    "fields": {
      "question":"12",
      "choice": "Mardi"
    }
  },
  {
    "model": "quiz.Choice",
    "pk": "48",
    "fields": {
      "question":"12",
      "choice": "Yubraj"
    }
  },
  {
    "model": "quiz.Answer",
    "pk": "12",
    "fields": {
      "question":"12",
      "answer": "48"
    }
  },
  {
    "model": "quiz.Question",
    "pk": "13",
    "fields": {
      "question": "What is the Highest mountain in the world?",
      "language": "NEP",
      "level": "13"
    }
  },
  {
    "model": "quiz.Choice",
    "pk": "49",
    "fields": {
      "question":"13",
      "choice": "Mount Everest"
    }
  },
  {
    "model": "quiz.Choice",
    "pk": "50",
    "fields": {
      "question":"13",
      "choice": "Annapurna"
    }
  },
  {
    "model": "quiz.Choice",
    "pk": "51",
    "fields": {
      "question":"13",
      "choice": "Mardi"
    }
  },
  {
    "model": "quiz.Choice",
    "pk": "52",
    "fields": {
      "question":"13",
      "choice": "Yubraj"
    }
  },
  {
    "model": "quiz.Answer",
    "pk": "13",
    "fields": {
      "question":"13",
      "answer": "51"
    }
  }
]